,Product_name,Sale price,Actual Price,Ratting,Person Ratting,Offer,No of Ratting,No of Reviews
0,"APPLE iPhone 13 (Starlight, 128 GB)","₹65,999","₹69,900",4.7,"1,61,593 Ratings & 8,794 Reviews",5% off,"1,61,593"," 8,794 Reviews"
1,"APPLE iPhone 13 (Pink, 128 GB)","₹65,999","₹69,900",4.7,"1,61,593 Ratings & 8,794 Reviews",5% off,"1,61,593"," 8,794 Reviews"
2,"APPLE iPhone 13 (Midnight, 128 GB)","₹65,999","₹69,900",4.7,"1,61,593 Ratings & 8,794 Reviews",5% off,"1,61,593"," 8,794 Reviews"
3,"APPLE iPhone 13 (Blue, 128 GB)","₹65,999","₹69,900",4.7,"1,61,593 Ratings & 8,794 Reviews",5% off,"1,61,593"," 8,794 Reviews"
4,"APPLE iPhone 13 (Green, 128 GB)","₹65,999","₹69,900",4.7,"1,61,593 Ratings & 8,794 Reviews",5% off,"1,61,593"," 8,794 Reviews"
5,"APPLE iPhone 11 (White, 128 GB)","₹48,900",Same Price,4.6,"1,69,249 Ratings & 10,056 Reviews",No offer this product,"1,69,249"," 10,056 Reviews"
6,"APPLE iPhone 11 (White, 64 GB)","₹39,999","₹43,990",4.6,"1,69,249 Ratings & 10,056 Reviews",9% off,"1,69,249"," 10,056 Reviews"
7,"APPLE iPhone 11 (Black, 64 GB)","₹39,999","₹43,900",4.6,"1,69,249 Ratings & 10,056 Reviews",8% off,"1,69,249"," 10,056 Reviews"
8,"APPLE iPhone 11 (Black, 128 GB)","₹48,900",Same Price,4.6,"1,69,249 Ratings & 10,056 Reviews",No offer this product,"1,69,249"," 10,056 Reviews"
9,"APPLE iPhone 11 (Purple, 64 GB)","₹39,999","₹43,900",4.6,"1,69,249 Ratings & 10,056 Reviews",8% off,"1,69,249"," 10,056 Reviews"
10,"APPLE iPhone 12 (Black, 64 GB)","₹48,999","₹59,900",4.6,"1,84,694 Ratings & 12,596 Reviews",18% off,"1,84,694"," 12,596 Reviews"
11,"APPLE iPhone 11 (Purple, 128 GB)","₹44,999","₹48,900",4.6,"1,69,249 Ratings & 10,056 Reviews",7% off,"1,69,249"," 10,056 Reviews"
12,"APPLE iPhone 12 (Blue, 64 GB)","₹48,999","₹59,900",4.6,"1,84,694 Ratings & 12,596 Reviews",18% off,"1,84,694"," 12,596 Reviews"
13,"APPLE iPhone 12 Mini (Blue, 64 GB)","₹43,999","₹59,900",4.5,"1,18,327 Ratings & 9,450 Reviews",26% off,"1,18,327"," 9,450 Reviews"
14,"APPLE iPhone 11 (Green, 64 GB)","₹39,999","₹43,990",4.6,"1,69,249 Ratings & 10,056 Reviews",9% off,"1,69,249"," 10,056 Reviews"
15,"APPLE iPhone 12 Mini (Black, 64 GB)","₹43,999","₹59,900",4.5,"1,18,327 Ratings & 9,450 Reviews",26% off,"1,18,327"," 9,450 Reviews"
16,"APPLE iPhone 12 Mini (White, 64 GB)","₹43,999","₹59,900",4.5,"1,18,327 Ratings & 9,450 Reviews",26% off,"1,18,327"," 9,450 Reviews"
17,"APPLE iPhone 13 ((PRODUCT)RED, 128 GB)","₹65,999","₹69,900",4.7,"1,61,593 Ratings & 8,794 Reviews",5% off,"1,61,593"," 8,794 Reviews"
18,"APPLE iPhone 12 Mini (Black, 128 GB)","₹48,999","₹64,900",4.5,"1,18,327 Ratings & 9,450 Reviews",24% off,"1,18,327"," 9,450 Reviews"
19,"APPLE iPhone 12 Mini (White, 128 GB)","₹48,999","₹64,900",4.5,"1,18,327 Ratings & 9,450 Reviews",24% off,"1,18,327"," 9,450 Reviews"
20,"APPLE iPhone 12 (Purple, 64 GB)","₹48,999","₹59,900",4.6,"1,84,694 Ratings & 12,596 Reviews",18% off,"1,84,694"," 12,596 Reviews"
21,"APPLE iPhone 11 (Red, 128 GB)","₹44,999","₹48,900",4.6,"1,69,249 Ratings & 10,056 Reviews",7% off,"1,69,249"," 10,056 Reviews"
22,"APPLE iPhone 11 (Red, 64 GB)","₹39,999","₹43,900",4.6,"1,69,249 Ratings & 10,056 Reviews",8% off,"1,69,249"," 10,056 Reviews"
23,"APPLE iPhone 11 (Yellow, 128 GB)","₹45,999","₹48,900",4.6,"1,69,249 Ratings & 10,056 Reviews",5% off,"1,69,249"," 10,056 Reviews"
24,"APPLE iPhone 14 Plus (Starlight, 256 GB)","₹97,400","₹99,900",4.5,196 Ratings & 24 Reviews,2% off,196, 24 Reviews
25,"APPLE iPhone 12 Mini (Blue, 128 GB)","₹48,999","₹64,900",4.5,"1,18,327 Ratings & 9,450 Reviews",24% off,"1,18,327"," 9,450 Reviews"
26,"APPLE iPhone 13 (Green, 256 GB)","₹74,999","₹79,900",4.7,"1,61,593 Ratings & 8,794 Reviews",6% off,"1,61,593"," 8,794 Reviews"
27,"APPLE iPhone 12 (Red, 128 GB)","₹53,999","₹64,900",4.6,"1,84,694 Ratings & 12,596 Reviews",16% off,"1,84,694"," 12,596 Reviews"
28,"APPLE iPhone 12 Mini (Red, 64 GB)","₹43,999","₹59,900",4.5,"1,18,327 Ratings & 9,450 Reviews",26% off,"1,18,327"," 9,450 Reviews"
29,"APPLE iPhone 13 ((PRODUCT)RED, 256 GB)","₹74,999","₹79,900",4.7,"1,61,593 Ratings & 8,794 Reviews",6% off,"1,61,593"," 8,794 Reviews"
30,"APPLE iPhone 12 (Black, 128 GB)","₹53,999","₹64,900",4.6,"1,84,694 Ratings & 12,596 Reviews",16% off,"1,84,694"," 12,596 Reviews"
31,"APPLE iPhone 12 (White, 128 GB)","₹53,999","₹64,900",4.6,"1,84,694 Ratings & 12,596 Reviews",16% off,"1,84,694"," 12,596 Reviews"
32,"APPLE iPhone 13 (Starlight, 256 GB)","₹74,999","₹79,900",4.7,"1,61,593 Ratings & 8,794 Reviews",6% off,"1,61,593"," 8,794 Reviews"
33,"APPLE iPhone 12 Mini (Red, 128 GB)","₹48,999","₹64,900",4.5,"1,18,327 Ratings & 9,450 Reviews",24% off,"1,18,327"," 9,450 Reviews"
34,"APPLE iPhone 12 (Red, 64 GB)","₹48,999","₹59,900",4.6,"1,84,694 Ratings & 12,596 Reviews",18% off,"1,84,694"," 12,596 Reviews"
35,"APPLE iPhone 13 (Blue, 256 GB)","₹74,999","₹79,900",4.7,"1,61,593 Ratings & 8,794 Reviews",6% off,"1,61,593"," 8,794 Reviews"
36,"APPLE iPhone 14 Plus ((PRODUCT)RED, 128 GB)","₹87,400","₹89,900",4.5,196 Ratings & 24 Reviews,2% off,196, 24 Reviews
37,"APPLE iPhone 14 Plus (Starlight, 128 GB)","₹87,400","₹89,900",4.5,196 Ratings & 24 Reviews,2% off,196, 24 Reviews
38,"APPLE iPhone 12 Mini (Green, 256 GB)","₹58,999","₹74,900",4.5,"1,18,327 Ratings & 9,450 Reviews",21% off,"1,18,327"," 9,450 Reviews"
39,"APPLE iPhone 13 (Pink, 256 GB)","₹74,999","₹79,900",4.7,"1,61,593 Ratings & 8,794 Reviews",6% off,"1,61,593"," 8,794 Reviews"
40,"APPLE iPhone 12 Mini (Black, 256 GB)","₹58,999","₹74,900",4.5,"1,18,327 Ratings & 9,450 Reviews",21% off,"1,18,327"," 9,450 Reviews"
41,"APPLE iPhone 12 Mini (Red, 256 GB)","₹58,999","₹74,900",4.5,"1,18,327 Ratings & 9,450 Reviews",21% off,"1,18,327"," 9,450 Reviews"
42,"APPLE iPhone 13 Pro Max (Alpine Green, 256 GB)","₹1,39,900",Same Price,4.6,"1,720 Ratings & 168 Reviews",No offer this product,"1,720", 168 Reviews
43,"APPLE iPhone 12 Mini (Green, 64 GB)","₹43,999","₹59,900",4.5,"1,18,327 Ratings & 9,450 Reviews",26% off,"1,18,327"," 9,450 Reviews"
44,"APPLE iPhone 13 (Midnight, 256 GB)","₹74,999","₹79,900",4.7,"1,61,593 Ratings & 8,794 Reviews",6% off,"1,61,593"," 8,794 Reviews"
45,"APPLE iPhone 14 Plus (Purple, 256 GB)","₹97,400","₹99,900",4.5,196 Ratings & 24 Reviews,2% off,196, 24 Reviews
46,"APPLE iPhone 14 (Purple, 128 GB)","₹77,400","₹79,900",4.6,484 Ratings & 32 Reviews,3% off,484, 32 Reviews
47,"APPLE iPhone 12 (Purple, 256 GB)","₹61,999","₹74,900",4.6,"1,84,694 Ratings & 12,596 Reviews",17% off,"1,84,694"," 12,596 Reviews"
48,"APPLE iPhone 14 (Midnight, 128 GB)","₹77,400","₹79,900",4.6,484 Ratings & 32 Reviews,3% off,484, 32 Reviews
49,"APPLE iPhone 14 (Blue, 128 GB)","₹77,400","₹79,900",4.6,484 Ratings & 32 Reviews,3% off,484, 32 Reviews
50,"APPLE iPhone 12 (Black, 256 GB)","₹61,999","₹74,900",4.6,"1,84,694 Ratings & 12,596 Reviews",17% off,"1,84,694"," 12,596 Reviews"
51,"APPLE iPhone 12 Mini (Purple, 64 GB)","₹43,999","₹59,900",4.5,"1,18,327 Ratings & 9,450 Reviews",26% off,"1,18,327"," 9,450 Reviews"
52,"APPLE iPhone 13 (Blue, 512 GB)","₹93,999","₹99,900",4.7,"1,61,593 Ratings & 8,794 Reviews",5% off,"1,61,593"," 8,794 Reviews"
53,"APPLE iPhone 14 ((PRODUCT)RED, 128 GB)","₹77,400","₹79,900",4.6,484 Ratings & 32 Reviews,3% off,484, 32 Reviews
54,"APPLE iPhone 14 ((PRODUCT)RED, 256 GB)","₹87,400","₹89,900",4.6,484 Ratings & 32 Reviews,2% off,484, 32 Reviews
55,"APPLE iPhone 14 (Starlight, 128 GB)","₹77,400","₹79,900",4.6,484 Ratings & 32 Reviews,3% off,484, 32 Reviews
56,"APPLE iPhone 12 (White, 256 GB)","₹61,999","₹74,900",4.6,"1,84,694 Ratings & 12,596 Reviews",17% off,"1,84,694"," 12,596 Reviews"
57,"APPLE iPhone 14 (Purple, 256 GB)","₹87,400","₹89,900",4.6,484 Ratings & 32 Reviews,2% off,484, 32 Reviews
58,"APPLE iPhone 13 Pro Max (Gold, 256 GB)","₹1,39,900",Same Price,4.6,"1,720 Ratings & 168 Reviews",No offer this product,"1,720", 168 Reviews
59,"APPLE iPhone 14 Plus (Blue, 256 GB)","₹97,400","₹99,900",4.5,196 Ratings & 24 Reviews,2% off,196, 24 Reviews
60,"APPLE iPhone 12 (Blue, 256 GB)","₹61,999","₹74,900",4.6,"1,84,694 Ratings & 12,596 Reviews",17% off,"1,84,694"," 12,596 Reviews"
61,"APPLE iPhone 14 Plus (Blue, 128 GB)","₹87,400","₹89,900",4.5,196 Ratings & 24 Reviews,2% off,196, 24 Reviews
62,"APPLE iPhone 12 (Blue, 128 GB)","₹53,999","₹64,900",4.6,"1,84,694 Ratings & 12,596 Reviews",16% off,"1,84,694"," 12,596 Reviews"
63,"APPLE iPhone 14 (Starlight, 256 GB)","₹87,400","₹89,900",4.6,484 Ratings & 32 Reviews,2% off,484, 32 Reviews
64,"APPLE iPhone 14 (Blue, 256 GB)","₹87,400","₹89,900",4.6,484 Ratings & 32 Reviews,2% off,484, 32 Reviews
65,"APPLE iPhone 14 Plus (Midnight, 128 GB)","₹87,400","₹89,900",4.5,196 Ratings & 24 Reviews,2% off,196, 24 Reviews
66,"APPLE iPhone 11 (Yellow, 64 GB)","₹40,999","₹43,900",4.6,"1,69,249 Ratings & 10,056 Reviews",6% off,"1,69,249"," 10,056 Reviews"
67,"APPLE iPhone 14 Plus (Purple, 128 GB)","₹87,400","₹89,900",4.5,196 Ratings & 24 Reviews,2% off,196, 24 Reviews
68,"APPLE iPhone 12 Mini (Purple, 256 GB)","₹58,999","₹74,900",4.5,"1,18,327 Ratings & 9,450 Reviews",21% off,"1,18,327"," 9,450 Reviews"
69,"APPLE iPhone 13 Mini (Blue, 128 GB)","₹58,990","₹64,900",4.5,"2,909 Ratings & 251 Reviews",9% off,"2,909", 251 Reviews
70,"APPLE iPhone 12 Mini (Blue, 256 GB)","₹58,999","₹74,900",4.5,"1,18,327 Ratings & 9,450 Reviews",21% off,"1,18,327"," 9,450 Reviews"
71,"APPLE iPhone 13 mini (Green, 512 GB)","₹79,990","₹94,900",4.5,"2,909 Ratings & 251 Reviews",15% off,"2,909", 251 Reviews
72,"APPLE iPhone 13 Mini (Pink, 512 GB)","₹79,990","₹94,900",4.5,"2,909 Ratings & 251 Reviews",15% off,"2,909", 251 Reviews
73,"APPLE iPhone 14 Plus (Midnight, 256 GB)","₹97,400","₹99,900",4.5,196 Ratings & 24 Reviews,2% off,196, 24 Reviews
74,"APPLE iPhone 13 (Midnight, 512 GB)","₹93,999","₹99,900",4.7,"1,61,593 Ratings & 8,794 Reviews",5% off,"1,61,593"," 8,794 Reviews"
75,"APPLE iPhone 13 (Starlight, 512 GB)","₹93,999","₹99,900",4.7,"1,61,593 Ratings & 8,794 Reviews",5% off,"1,61,593"," 8,794 Reviews"
76,"APPLE iPhone 14 (Midnight, 256 GB)","₹87,400","₹89,900",4.6,484 Ratings & 32 Reviews,2% off,484, 32 Reviews
77,"Apple iPhone XR ((PRODUCT)RED, 64 GB) (Includes EarPods, Power Adapter)","₹39,999","₹47,900",4.6,"1,00,548 Ratings & 8,570 Reviews",16% off,"1,00,548"," 8,570 Reviews"
78,"APPLE iPhone 13 Mini (Starlight, 512 GB)","₹79,990","₹94,900",4.5,"2,909 Ratings & 251 Reviews",15% off,"2,909", 251 Reviews
79,"APPLE iPhone SE (Black, 256 GB)","₹42,990","₹54,900",4.5,"1,53,514 Ratings & 12,048 Reviews",21% off,"1,53,514"," 12,048 Reviews"
80,"APPLE iPhone 13 Mini ((PRODUCT)RED, 512 GB)","₹79,990","₹94,900",4.5,"2,909 Ratings & 251 Reviews",15% off,"2,909", 251 Reviews
81,"APPLE iPhone 13 Mini (Blue, 512 GB)","₹79,990","₹94,900",4.5,"2,909 Ratings & 251 Reviews",15% off,"2,909", 251 Reviews
82,"APPLE iPhone 13 Pro (Graphite, 512 GB)","₹1,49,900",Same Price,4.6,"1,286 Ratings & 110 Reviews",No offer this product,"1,286", 110 Reviews
83,"APPLE iPhone 14 Plus ((PRODUCT)RED, 256 GB)","₹97,400","₹99,900",4.5,196 Ratings & 24 Reviews,2% off,196, 24 Reviews
84,"APPLE iPhone 12 Pro (Pacific Blue, 512 GB)","₹1,09,990","₹1,39,900",4.5,"1,147 Ratings & 82 Reviews",21% off,"1,147", 82 Reviews
85,"APPLE iPhone SE (Red, 128 GB)","₹34,990","₹44,900",4.5,"1,53,514 Ratings & 12,048 Reviews",22% off,"1,53,514"," 12,048 Reviews"
86,"APPLE iPhone SE (Red, 256 GB)","₹42,990","₹54,900",4.5,"1,53,514 Ratings & 12,048 Reviews",21% off,"1,53,514"," 12,048 Reviews"
87,"APPLE iPhone 13 ((PRODUCT)RED, 512 GB)","₹93,999","₹99,900",4.7,"1,61,593 Ratings & 8,794 Reviews",5% off,"1,61,593"," 8,794 Reviews"
88,"APPLE iPhone SE (White, 256 GB)","₹42,990","₹54,900",4.5,"1,53,514 Ratings & 12,048 Reviews",21% off,"1,53,514"," 12,048 Reviews"
89,"APPLE iPhone 13 (Pink, 512 GB)","₹93,999","₹99,900",4.7,"1,61,593 Ratings & 8,794 Reviews",5% off,"1,61,593"," 8,794 Reviews"
90,"APPLE iPhone SE (Black, 128 GB)","₹34,990","₹44,900",4.5,"1,53,514 Ratings & 12,048 Reviews",22% off,"1,53,514"," 12,048 Reviews"
91,"APPLE iPhone 13 Pro (Silver, 128 GB)","₹1,19,900",Same Price,4.6,"1,286 Ratings & 110 Reviews",No offer this product,"1,286", 110 Reviews
92,"APPLE iPhone 13 Pro Max (Sierra Blue, 128 GB)","₹1,29,900",Same Price,4.6,"1,720 Ratings & 168 Reviews",No offer this product,"1,720", 168 Reviews
93,"APPLE iPhone 12 Pro (Silver, 512 GB)","₹1,09,990","₹1,39,900",4.5,"1,147 Ratings & 82 Reviews",21% off,"1,147", 82 Reviews
94,"APPLE iPhone 13 Pro Max (Alpine Green, 1 TB)","₹1,79,900",Same Price,4.6,"1,720 Ratings & 168 Reviews",No offer this product,"1,720", 168 Reviews
95,"APPLE iPhone 12 Pro (Graphite, 512 GB)","₹1,09,990","₹1,39,900",4.5,"1,147 Ratings & 82 Reviews",21% off,"1,147", 82 Reviews
96,"APPLE iPhone SE (3rd Gen) (Product (Red), 64 GB)","₹47,990","₹49,900",4.3,577 Ratings & 77 Reviews,3% off,577, 77 Reviews
97,"APPLE iPhone 13 Mini (Pink, 128 GB)","₹58,990","₹64,900",4.5,"2,909 Ratings & 251 Reviews",9% off,"2,909", 251 Reviews
98,"APPLE iPhone 13 (Green, 512 GB)","₹93,999","₹99,900",4.7,"1,61,593 Ratings & 8,794 Reviews",5% off,"1,61,593"," 8,794 Reviews"
99,"APPLE iPhone XR ((PRODUCT)RED, 64 GB)","₹39,999","₹47,900",4.6,"1,00,548 Ratings & 8,570 Reviews",16% off,"1,00,548"," 8,570 Reviews"
100,"APPLE iPhone 14 Pro (Deep Purple, 128 GB)","₹1,29,900",Same Price,4.8,341 Ratings & 29 Reviews,No offer this product,341, 29 Reviews
101,"APPLE iPhone 12 Pro (Gold, 128 GB)","₹99,990","₹1,09,900",4.5,"1,147 Ratings & 82 Reviews",9% off,"1,147", 82 Reviews
102,"APPLE iPhone 14 (Midnight, 512 GB)","₹1,07,400","₹1,09,900",4.6,484 Ratings & 32 Reviews,2% off,484, 32 Reviews
103,"APPLE iPhone 13 Pro (Graphite, 256 GB)","₹1,29,900",Same Price,4.6,"1,286 Ratings & 110 Reviews",No offer this product,"1,286", 110 Reviews
104,"APPLE iPhone 13 Pro (Alpine Green, 128 GB)","₹1,19,900",Same Price,4.6,"1,286 Ratings & 110 Reviews",No offer this product,"1,286", 110 Reviews
105,"APPLE iPhone 13 Pro (Alpine Green, 512 GB)","₹1,49,900",Same Price,4.6,"1,286 Ratings & 110 Reviews",No offer this product,"1,286", 110 Reviews
106,"APPLE iPhone 14 ((PRODUCT)RED, 512 GB)","₹1,07,400","₹1,09,900",4.6,484 Ratings & 32 Reviews,2% off,484, 32 Reviews
107,"APPLE iPhone 12 Pro (Silver, 128 GB)","₹99,990","₹1,09,900",4.5,"1,147 Ratings & 82 Reviews",9% off,"1,147", 82 Reviews
108,"APPLE iPhone 13 Pro Max (Graphite, 128 GB)","₹1,29,900",Same Price,4.6,"1,720 Ratings & 168 Reviews",No offer this product,"1,720", 168 Reviews
109,"APPLE iPhone 13 Pro (Gold, 128 GB)","₹1,19,900",Same Price,4.6,"1,286 Ratings & 110 Reviews",No offer this product,"1,286", 110 Reviews
110,"APPLE iPhone 13 Pro (Gold, 512 GB)","₹1,49,900",Same Price,4.6,"1,286 Ratings & 110 Reviews",No offer this product,"1,286", 110 Reviews
111,"APPLE iPhone 14 (Blue, 512 GB)","₹1,07,400","₹1,09,900",4.6,484 Ratings & 32 Reviews,2% off,484, 32 Reviews
112,"APPLE iPhone 13 Pro (Gold, 256 GB)","₹1,29,900",Same Price,4.6,"1,286 Ratings & 110 Reviews",No offer this product,"1,286", 110 Reviews
113,"APPLE iPhone 12 Pro (Pacific Blue, 256 GB)","₹1,04,990","₹1,19,900",4.5,"1,147 Ratings & 82 Reviews",12% off,"1,147", 82 Reviews
114,"APPLE iPhone 13 Pro Max (Graphite, 256 GB)","₹1,39,900",Same Price,4.6,"1,720 Ratings & 168 Reviews",No offer this product,"1,720", 168 Reviews
115,"APPLE iPhone 13 Pro Max (Sierra Blue, 1 TB)","₹1,79,900",Same Price,4.6,"1,720 Ratings & 168 Reviews",No offer this product,"1,720", 168 Reviews
116,"APPLE iPhone 13 Pro (Sierra Blue, 512 GB)","₹1,49,900",Same Price,4.6,"1,286 Ratings & 110 Reviews",No offer this product,"1,286", 110 Reviews
117,"APPLE iPhone 13 Pro Max (Silver, 512 GB)","₹1,59,900",Same Price,4.6,"1,720 Ratings & 168 Reviews",No offer this product,"1,720", 168 Reviews
118,"APPLE iPhone 11 Pro Max (Space Grey, 64 GB)","₹99,990","₹1,17,100",4.7,"1,093 Ratings & 99 Reviews",14% off,"1,093", 99 Reviews
119,"APPLE iPhone 13 Pro (Silver, 1 TB)","₹1,69,900",Same Price,4.6,"1,286 Ratings & 110 Reviews",No offer this product,"1,286", 110 Reviews
120,"APPLE iPhone 12 Pro (Silver, 256 GB)","₹1,04,990","₹1,19,900",4.5,"1,147 Ratings & 82 Reviews",12% off,"1,147", 82 Reviews
121,"APPLE iPhone SE (3rd Gen) (Starlight, 256 GB)","₹52,990","₹64,900",4.3,577 Ratings & 77 Reviews,18% off,577, 77 Reviews
122,"APPLE iPhone 11 Pro (Space Grey, 256 GB)","₹1,12,990","₹1,21,300",4.6,"8,653 Ratings & 630 Reviews",6% off,"8,653", 630 Reviews
123,"APPLE iPhone 8 (Silver, 64 GB)","₹39,900",Same Price,4.5,"11,358 Ratings & 803 Reviews",No offer this product,"11,358", 803 Reviews
124,"APPLE iPhone XR (White, 64 GB)","₹39,999","₹47,900",4.6,"1,00,548 Ratings & 8,570 Reviews",16% off,"1,00,548"," 8,570 Reviews"
125,"APPLE iPhone 12 Pro (Graphite, 256 GB)","₹1,04,990","₹1,19,900",4.5,"1,147 Ratings & 82 Reviews",12% off,"1,147", 82 Reviews
126,"APPLE iPhone 8 Plus (Space Grey, 64 GB)","₹49,900","₹74,624",4.6,"3,439 Ratings & 354 Reviews",33% off,"3,439", 354 Reviews
127,"APPLE iPhone XS (Space Grey, 512 GB)","₹1,34,900",Same Price,4.7,"11,963 Ratings & 871 Reviews",No offer this product,"11,963", 871 Reviews
128,"APPLE iPhone 12 Pro (Gold, 256 GB)","₹1,04,990","₹1,19,900",4.5,"1,147 Ratings & 82 Reviews",12% off,"1,147", 82 Reviews
129,"APPLE iPhone 13 Pro Max (Alpine Green, 512 GB)","₹1,59,900",Same Price,4.6,"1,720 Ratings & 168 Reviews",No offer this product,"1,720", 168 Reviews
130,"APPLE iPhone 11 Pro Max (Midnight Green, 64 GB)","₹99,990","₹1,17,100",4.7,"1,093 Ratings & 99 Reviews",14% off,"1,093", 99 Reviews
131,"APPLE iPhone 11 Pro Max (Gold, 64 GB)","₹99,990","₹1,17,100",4.7,"1,093 Ratings & 99 Reviews",14% off,"1,093", 99 Reviews
132,"APPLE iPhone 8 Plus (Silver, 64 GB)","₹49,900","₹80,730",4.6,"3,439 Ratings & 354 Reviews",38% off,"3,439", 354 Reviews
133,"APPLE iPhone 12 Mini (White, 256 GB)","₹58,999","₹74,900",4.5,"1,18,327 Ratings & 9,450 Reviews",21% off,"1,18,327"," 9,450 Reviews"
134,"APPLE iPhone 8 Plus (Gold, 64 GB)","₹49,900","₹77,060",4.6,"3,439 Ratings & 354 Reviews",35% off,"3,439", 354 Reviews
135,"APPLE iPhone 13 Pro (Sierra Blue, 1 TB)","₹1,69,900",Same Price,4.6,"1,286 Ratings & 110 Reviews",No offer this product,"1,286", 110 Reviews
136,"APPLE iPhone 8 (Gold, 64 GB)","₹39,900",Same Price,4.5,"11,358 Ratings & 803 Reviews",No offer this product,"11,358", 803 Reviews
137,"APPLE iPhone 13 Pro Max (Gold, 1 TB)","₹1,79,990",Same Price,4.6,"1,720 Ratings & 168 Reviews",No offer this product,"1,720", 168 Reviews
138,"APPLE iPhone 14 (Purple, 512 GB)","₹1,07,400","₹1,09,900",4.6,484 Ratings & 32 Reviews,2% off,484, 32 Reviews
139,"APPLE iPhone 13 Pro Max (Graphite, 512 GB)","₹1,59,900",Same Price,4.6,"1,720 Ratings & 168 Reviews",No offer this product,"1,720", 168 Reviews
140,"APPLE iPhone 13 Pro (Gold, 1 TB)","₹1,69,900",Same Price,4.6,"1,286 Ratings & 110 Reviews",No offer this product,"1,286", 110 Reviews
141,"APPLE iPhone 7 Plus (Black, 32 GB)","₹37,900",Same Price,4.5,"29,792 Ratings & 2,998 Reviews",No offer this product,"29,792"," 2,998 Reviews"
142,"APPLE iPhone XS (Gold, 512 GB)","₹1,34,900",Same Price,4.7,"11,963 Ratings & 871 Reviews",No offer this product,"11,963", 871 Reviews
143,"APPLE iPhone 6 (Space Grey, 32 GB)","₹30,780","₹31,900",4.4,"1,45,545 Ratings & 16,265 Reviews",3% off,"1,45,545"," 16,265 Reviews"
144,"APPLE iPhone 13 Pro Max (Graphite, 512 GB)","₹1,59,900",Same Price,4.6,"1,720 Ratings & 168 Reviews",No offer this product,"1,720", 168 Reviews
145,"APPLE iPhone 14 Plus (Midnight, 512 GB)","₹1,17,400","₹1,19,900",4.5,196 Ratings & 24 Reviews,2% off,196, 24 Reviews
146,"APPLE iPhone 6 (Gold, 32 GB)","₹30,780",Same Price,4.4,"1,45,545 Ratings & 16,265 Reviews",No offer this product,"1,45,545"," 16,265 Reviews"
147,"APPLE iPhone 13 Pro Max (Graphite, 1 TB)","₹1,79,900",Same Price,4.6,"1,720 Ratings & 168 Reviews",No offer this product,"1,720", 168 Reviews
148,"APPLE iPhone SE (3rd Gen) (Starlight, 64 GB)","₹47,990","₹49,900",4.3,577 Ratings & 77 Reviews,3% off,577, 77 Reviews
149,"APPLE iPhone 12 Pro (Gold, 512 GB)","₹1,09,990","₹1,39,900",4.5,"1,147 Ratings & 82 Reviews",21% off,"1,147", 82 Reviews
150,"APPLE iPhone 11 Pro Max (Space Grey, 64 GB)","₹99,990","₹1,17,100",4.7,"1,093 Ratings & 99 Reviews",14% off,"1,093", 99 Reviews
151,"APPLE iPhone 13 Pro Max (Sierra Blue, 256 GB)","₹1,39,900",Same Price,4.6,"1,720 Ratings & 168 Reviews",No offer this product,"1,720", 168 Reviews
152,"APPLE iPhone 14 Plus ((PRODUCT)RED, 512 GB)","₹1,17,400","₹1,19,900",4.5,196 Ratings & 24 Reviews,2% off,196, 24 Reviews
153,"APPLE iPhone 13 Pro Max (Silver, 1 TB)","₹1,79,900",Same Price,4.6,"1,720 Ratings & 168 Reviews",No offer this product,"1,720", 168 Reviews
154,"APPLE iPhone 14 Plus (Purple, 512 GB)","₹1,17,400","₹1,19,900",4.5,196 Ratings & 24 Reviews,2% off,196, 24 Reviews
155,"APPLE iPhone 13 Mini (Midnight, 512 GB)","₹79,990","₹94,900",4.5,"2,909 Ratings & 251 Reviews",15% off,"2,909", 251 Reviews
156,"APPLE iPhone 14 Plus (Blue, 512 GB)","₹1,17,400","₹1,19,900",4.5,196 Ratings & 24 Reviews,2% off,196, 24 Reviews
157,"APPLE iPhone 12 Pro (Pacific Blue, 128 GB)","₹99,990","₹1,09,900",4.5,"1,147 Ratings & 82 Reviews",9% off,"1,147", 82 Reviews
158,"APPLE iPhone 13 Pro Max (Sierra Blue, 512 GB)","₹1,59,900",Same Price,4.6,"1,720 Ratings & 168 Reviews",No offer this product,"1,720", 168 Reviews
159,"APPLE iPhone 8 Plus (Silver, 256 GB)","₹84,900",Same Price,4.6,"3,439 Ratings & 354 Reviews",No offer this product,"3,439", 354 Reviews
160,"APPLE iPhone 8 Plus (Space Grey, 256 GB)","₹84,900",Same Price,4.6,"3,439 Ratings & 354 Reviews",No offer this product,"3,439", 354 Reviews
161,"APPLE iPhone 8 (Space Grey, 256 GB)","₹77,000",Same Price,4.5,"11,358 Ratings & 803 Reviews",No offer this product,"11,358", 803 Reviews
162,"APPLE iPhone 8 (Silver, 256 GB)","₹77,000",Same Price,4.5,"11,358 Ratings & 803 Reviews",No offer this product,"11,358", 803 Reviews
163,"APPLE iPhone 13 Pro (Alpine Green, 1 TB)","₹1,69,900",Same Price,4.6,"1,286 Ratings & 110 Reviews",No offer this product,"1,286", 110 Reviews
164,"APPLE iPhone XS Max (Space Grey, 256 GB)","₹1,24,900",Same Price,4.6,"1,453 Ratings & 147 Reviews",No offer this product,"1,453", 147 Reviews
165,"APPLE iPhone 6s Plus (Rose Gold, 32 GB)","₹34,900",Same Price,4.4,"18,838 Ratings & 2,381 Reviews",No offer this product,"18,838"," 2,381 Reviews"
166,"APPLE iPhone 8 (Gold, 256 GB)","₹77,000",Same Price,4.5,"11,358 Ratings & 803 Reviews",No offer this product,"11,358", 803 Reviews
167,"APPLE iPhone 14 Pro Max (Silver, 1 TB)","₹1,89,900",Same Price,4.7,283 Ratings & 26 Reviews,No offer this product,283, 26 Reviews
168,"APPLE iPhone 14 Pro (Silver, 1 TB)","₹1,79,900",Same Price,4.8,341 Ratings & 29 Reviews,No offer this product,341, 29 Reviews
169,"APPLE iPhone XS Max (Gold, 256 GB)","₹1,24,900",Same Price,4.6,"1,453 Ratings & 147 Reviews",No offer this product,"1,453", 147 Reviews
170,"APPLE iPhone 6s (Gold, 32 GB)","₹29,900","₹29,990",4.5,"93,041 Ratings & 9,245 Reviews",No offer this product,"93,041"," 9,245 Reviews"
171,"APPLE iPhone 13 Pro Max (Gold, 512 GB)","₹1,59,900",Same Price,4.6,"1,720 Ratings & 168 Reviews",No offer this product,"1,720", 168 Reviews
172,"APPLE iPhone 13 Pro (Graphite, 1 TB)","₹1,69,900",Same Price,4.6,"1,286 Ratings & 110 Reviews",No offer this product,"1,286", 110 Reviews
173,"APPLE iPhone XR (White, 128 GB)","₹44,999","₹52,900",4.6,"1,00,548 Ratings & 8,570 Reviews",14% off,"1,00,548"," 8,570 Reviews"
174,"Apple iPhone XR (White, 128 GB) (Includes EarPods, Power Adapter)","₹44,999","₹52,900",4.6,"1,00,548 Ratings & 8,570 Reviews",14% off,"1,00,548"," 8,570 Reviews"
175,"APPLE iPhone 6s (Rose Gold, 32 GB)","₹29,900","₹29,990",4.5,"93,041 Ratings & 9,245 Reviews",No offer this product,"93,041"," 9,245 Reviews"
176,"APPLE iPhone 12 Pro Max (Gold, 256 GB)","₹1,14,990","₹1,29,900",4.6,"1,253 Ratings & 101 Reviews",11% off,"1,253", 101 Reviews
177,"APPLE iPhone 13 Pro (Silver, 512 GB)","₹1,49,900",Same Price,4.6,"1,286 Ratings & 110 Reviews",No offer this product,"1,286", 110 Reviews
178,"APPLE iPhone 11 Pro (Midnight Green, 512 GB)","₹1,21,990","₹1,40,300",4.6,"8,653 Ratings & 630 Reviews",13% off,"8,653", 630 Reviews
179,"APPLE iPhone 7 (Gold, 32 GB)","₹24,999","₹31,500",4.5,"95,048 Ratings & 9,197 Reviews",20% off,"95,048"," 9,197 Reviews"
180,"APPLE iPhone 12 (Purple, 128 GB)","₹53,999","₹64,900",4.6,"1,84,694 Ratings & 12,596 Reviews",16% off,"1,84,694"," 12,596 Reviews"
181,"APPLE iPhone 12 (Green, 64 GB)","₹48,999","₹59,900",4.6,"1,84,694 Ratings & 12,596 Reviews",18% off,"1,84,694"," 12,596 Reviews"
182,"APPLE iPhone 12 (White, 64 GB)","₹48,999","₹59,900",4.6,"1,84,694 Ratings & 12,596 Reviews",18% off,"1,84,694"," 12,596 Reviews"
183,"APPLE iPhone 12 (Green, 128 GB)","₹53,999","₹64,900",4.6,"1,84,694 Ratings & 12,596 Reviews",16% off,"1,84,694"," 12,596 Reviews"
184,"APPLE iPhone 14 Pro (Silver, 256 GB)","₹1,39,900",Same Price,4.8,341 Ratings & 29 Reviews,No offer this product,341, 29 Reviews
185,"APPLE iPhone 11 (Green, 128 GB)","₹44,999","₹48,900",4.6,"1,69,249 Ratings & 10,056 Reviews",7% off,"1,69,249"," 10,056 Reviews"
186,"APPLE iPhone 12 Mini (Green, 128 GB)","₹48,999","₹64,900",4.5,"1,18,327 Ratings & 9,450 Reviews",24% off,"1,18,327"," 9,450 Reviews"
187,"APPLE iPhone SE (Black, 64 GB)","₹28,990","₹39,900",4.5,"1,53,514 Ratings & 12,048 Reviews",27% off,"1,53,514"," 12,048 Reviews"
188,"APPLE iPhone 13 Mini (Midnight, 128 GB)","₹58,990","₹64,900",4.5,"2,909 Ratings & 251 Reviews",9% off,"2,909", 251 Reviews
189,"APPLE iPhone 14 Pro (Gold, 128 GB)","₹1,29,900",Same Price,4.8,341 Ratings & 29 Reviews,No offer this product,341, 29 Reviews
190,"APPLE iPhone 13 Mini ((PRODUCT)RED, 256 GB)","₹68,990","₹74,900",4.5,"2,909 Ratings & 251 Reviews",7% off,"2,909", 251 Reviews
191,"APPLE iPhone 13 Mini (Blue, 256 GB)","₹68,990","₹74,900",4.5,"2,909 Ratings & 251 Reviews",7% off,"2,909", 251 Reviews
192,"APPLE iPhone 12 Mini (Purple, 64 GB)","₹43,999","₹59,900",4.5,"1,18,327 Ratings & 9,450 Reviews",26% off,"1,18,327"," 9,450 Reviews"
193,"APPLE iPhone 14 Pro (Space Black, 256 GB)","₹1,39,900",Same Price,4.8,341 Ratings & 29 Reviews,No offer this product,341, 29 Reviews
194,"APPLE iPhone SE (White, 64 GB)","₹28,990","₹39,900",4.5,"1,53,514 Ratings & 12,048 Reviews",27% off,"1,53,514"," 12,048 Reviews"
195,"APPLE iPhone 14 Pro (Gold, 256 GB)","₹1,39,900",Same Price,4.8,341 Ratings & 29 Reviews,No offer this product,341, 29 Reviews
196,"APPLE iPhone SE (Red, 64 GB)","₹28,990","₹39,900",4.5,"1,53,514 Ratings & 12,048 Reviews",27% off,"1,53,514"," 12,048 Reviews"
197,"APPLE iPhone 14 Pro (Space Black, 512 GB)","₹1,59,900",Same Price,4.8,341 Ratings & 29 Reviews,No offer this product,341, 29 Reviews
198,"APPLE iPhone SE (White, 128 GB)","₹34,990","₹44,900",4.5,"1,53,514 Ratings & 12,048 Reviews",22% off,"1,53,514"," 12,048 Reviews"
199,"APPLE iPhone 12 (Red, 256 GB)","₹61,999","₹74,900",4.6,"1,84,694 Ratings & 12,596 Reviews",17% off,"1,84,694"," 12,596 Reviews"
200,"APPLE iPhone SE (3rd Gen) (Midnight, 64 GB)","₹47,990","₹49,900",4.3,577 Ratings & 77 Reviews,3% off,577, 77 Reviews
201,"APPLE iPhone SE (3rd Gen) (Starlight, 128 GB)","₹52,990","₹54,900",4.3,577 Ratings & 77 Reviews,3% off,577, 77 Reviews
202,"APPLE iPhone 14 Pro (Space Black, 128 GB)","₹1,29,900",Same Price,4.8,341 Ratings & 29 Reviews,No offer this product,341, 29 Reviews
203,"APPLE iPhone SE (3rd Gen) (Midnight, 128 GB)","₹52,990","₹54,900",4.3,577 Ratings & 77 Reviews,3% off,577, 77 Reviews
204,"APPLE iPhone 13 mini (Green, 256 GB)","₹68,990","₹74,900",4.5,"2,909 Ratings & 251 Reviews",7% off,"2,909", 251 Reviews
205,"APPLE iPhone 14 Pro Max (Gold, 256 GB)","₹1,49,900",Same Price,4.7,283 Ratings & 26 Reviews,No offer this product,283, 26 Reviews
206,"APPLE iPhone 14 Pro Max (Gold, 128 GB)","₹1,39,900",Same Price,4.7,283 Ratings & 26 Reviews,No offer this product,283, 26 Reviews
207,"APPLE iPhone 13 Mini ((PRODUCT)RED, 128 GB)","₹58,990","₹64,900",4.5,"2,909 Ratings & 251 Reviews",9% off,"2,909", 251 Reviews
208,"APPLE iPhone 14 Pro Max (Silver, 256 GB)","₹1,49,900",Same Price,4.7,283 Ratings & 26 Reviews,No offer this product,283, 26 Reviews
209,"APPLE iPhone 13 Mini (Midnight, 256 GB)","₹68,990","₹74,900",4.5,"2,909 Ratings & 251 Reviews",7% off,"2,909", 251 Reviews
210,"APPLE iPhone 12 Mini (Purple, 128 GB)","₹48,999","₹64,900",4.5,"1,18,327 Ratings & 9,450 Reviews",24% off,"1,18,327"," 9,450 Reviews"
211,"APPLE iPhone 14 Pro (Deep Purple, 1 TB)","₹1,79,900",Same Price,4.8,341 Ratings & 29 Reviews,No offer this product,341, 29 Reviews
212,"APPLE iPhone 14 Pro (Deep Purple, 256 GB)","₹1,39,900",Same Price,4.8,341 Ratings & 29 Reviews,No offer this product,341, 29 Reviews
213,"APPLE iPhone 14 Pro (Silver, 128 GB)","₹1,29,900",Same Price,4.8,341 Ratings & 29 Reviews,No offer this product,341, 29 Reviews
214,"APPLE iPhone 14 Pro Max (Deep Purple, 512 GB)","₹1,69,900",Same Price,4.7,283 Ratings & 26 Reviews,No offer this product,283, 26 Reviews
215,"Apple iPhone XR (Blue, 64 GB) (Includes EarPods, Power Adapter)","₹39,999","₹47,900",4.6,"1,00,548 Ratings & 8,570 Reviews",16% off,"1,00,548"," 8,570 Reviews"
216,"APPLE iPhone 13 Pro Max (Sierra Blue, 128 GB)","₹1,29,900",Same Price,4.6,"1,720 Ratings & 168 Reviews",No offer this product,"1,720", 168 Reviews
217,"APPLE iPhone 14 Pro (Deep Purple, 1 TB)","₹1,79,900",Same Price,4.8,341 Ratings & 29 Reviews,No offer this product,341, 29 Reviews
218,"APPLE iPhone 14 Pro (Silver, 128 GB)","₹1,29,900",Same Price,4.8,341 Ratings & 29 Reviews,No offer this product,341, 29 Reviews
219,"Apple iPhone XR (Blue, 64 GB) (Includes EarPods, Power Adapter)","₹39,999","₹47,900",4.6,"1,00,548 Ratings & 8,570 Reviews",16% off,"1,00,548"," 8,570 Reviews"
220,"APPLE iPhone 13 Pro Max (Gold, 128 GB)","₹1,29,900",Same Price,4.6,"1,720 Ratings & 168 Reviews",No offer this product,"1,720", 168 Reviews
221,"APPLE iPhone 14 Pro (Silver, 512 GB)","₹1,59,900",Same Price,4.8,341 Ratings & 29 Reviews,No offer this product,341, 29 Reviews
222,"APPLE iPhone 14 Pro Max (Deep Purple, 128 GB)","₹1,39,900",Same Price,4.7,283 Ratings & 26 Reviews,No offer this product,283, 26 Reviews
223,"APPLE iPhone 14 Pro Max (Deep Purple, 256 GB)","₹1,49,900",Same Price,4.7,283 Ratings & 26 Reviews,No offer this product,283, 26 Reviews
224,"APPLE iPhone 13 Mini (Starlight, 128 GB)","₹58,990","₹64,900",4.5,"2,909 Ratings & 251 Reviews",9% off,"2,909", 251 Reviews
225,"APPLE iPhone XR ((PRODUCT)RED, 128 GB)","₹44,999","₹52,900",4.6,"1,00,548 Ratings & 8,570 Reviews",14% off,"1,00,548"," 8,570 Reviews"
226,"APPLE iPhone XR (Yellow, 64 GB)","₹39,999","₹47,900",4.6,"1,00,548 Ratings & 8,570 Reviews",16% off,"1,00,548"," 8,570 Reviews"
227,"APPLE iPhone 13 Pro (Silver, 256 GB)","₹1,29,900",Same Price,4.6,"1,286 Ratings & 110 Reviews",No offer this product,"1,286", 110 Reviews
228,"APPLE iPhone 14 Pro (Gold, 512 GB)","₹1,59,900",Same Price,4.8,341 Ratings & 29 Reviews,No offer this product,341, 29 Reviews
229,"APPLE iPhone 6s Plus (Space Grey, 32 GB)","₹34,900",Same Price,4.4,"18,838 Ratings & 2,381 Reviews",No offer this product,"18,838"," 2,381 Reviews"
230,"APPLE iPhone 14 Pro Max (Space Black, 128 GB)","₹1,39,900",Same Price,4.7,283 Ratings & 26 Reviews,No offer this product,283, 26 Reviews
231,"Apple iPhone SE (White, 64 GB) (Includes EarPods, Power Adapter)","₹29,990","₹39,900",4.5,"1,53,514 Ratings & 12,048 Reviews",24% off,"1,53,514"," 12,048 Reviews"
232,"APPLE iPhone XR (Black, 128 GB)","₹44,999","₹52,900",4.6,"1,00,548 Ratings & 8,570 Reviews",14% off,"1,00,548"," 8,570 Reviews"
233,"APPLE iPhone XR (Black, 64 GB)","₹39,999","₹47,900",4.6,"1,00,548 Ratings & 8,570 Reviews",16% off,"1,00,548"," 8,570 Reviews"
234,"APPLE iPhone 12 (Green, 256 GB)","₹61,999","₹74,900",4.6,"1,84,694 Ratings & 12,596 Reviews",17% off,"1,84,694"," 12,596 Reviews"
235,"APPLE iPhone 6s (Silver, 32 GB)","₹22,999","₹29,990",4.5,"93,041 Ratings & 9,245 Reviews",23% off,"93,041"," 9,245 Reviews"
236,"APPLE iPhone 14 Pro Max (Silver, 512 GB)","₹1,69,900",Same Price,4.7,283 Ratings & 26 Reviews,No offer this product,283, 26 Reviews
237,"APPLE iPhone 14 Pro Max (Space Black, 256 GB)","₹1,49,900",Same Price,4.7,283 Ratings & 26 Reviews,No offer this product,283, 26 Reviews
238,"Apple iPhone XR (Black, 128 GB) (Includes EarPods, Power Adapter)","₹44,999","₹52,900",4.6,"1,00,548 Ratings & 8,570 Reviews",14% off,"1,00,548"," 8,570 Reviews"
239,"Apple iPhone XR (Coral, 64 GB) (Includes EarPods, Power Adapter)","₹39,999","₹47,900",4.6,"1,00,548 Ratings & 8,570 Reviews",16% off,"1,00,548"," 8,570 Reviews"
240,"APPLE iPhone 11 Pro (Midnight Green, 64 GB)","₹98,990","₹1,06,600",4.6,"8,653 Ratings & 630 Reviews",7% off,"8,653", 630 Reviews
241,"APPLE iPhone SE (3rd Gen) (Product (Red), 128 GB)","₹52,990","₹54,900",4.3,577 Ratings & 77 Reviews,3% off,577, 77 Reviews
242,"APPLE iPhone 13 Pro (Alpine Green, 256 GB)","₹1,29,900",Same Price,4.6,"1,286 Ratings & 110 Reviews",No offer this product,"1,286", 110 Reviews
243,"APPLE iPhone 14 Pro (Deep Purple, 512 GB)","₹1,59,900",Same Price,4.8,341 Ratings & 29 Reviews,No offer this product,341, 29 Reviews
244,"APPLE iPhone 7 (Silver, 32 GB)","₹24,999","₹31,500",4.5,"95,048 Ratings & 9,197 Reviews",20% off,"95,048"," 9,197 Reviews"
245,"APPLE iPhone 14 Pro Max (Gold, 1 TB)","₹1,89,900",Same Price,4.7,283 Ratings & 26 Reviews,No offer this product,283, 26 Reviews
246,"APPLE iPhone XS (Space Grey, 256 GB)","₹1,03,900",Same Price,4.7,"11,963 Ratings & 871 Reviews",No offer this product,"11,963", 871 Reviews
247,"APPLE iPhone 11 Pro Max (Silver, 256 GB)","₹1,31,900",Same Price,4.7,"1,093 Ratings & 99 Reviews",No offer this product,"1,093", 99 Reviews
248,"APPLE iPhone 14 Pro Max (Space Black, 1 TB)","₹1,89,900",Same Price,4.7,283 Ratings & 26 Reviews,No offer this product,283, 26 Reviews
249,"APPLE iPhone 14 Pro Max (Deep Purple, 1 TB)","₹1,89,900",Same Price,4.7,283 Ratings & 26 Reviews,No offer this product,283, 26 Reviews
250,"APPLE iPhone 6 Plus (Space Grey, 16 GB)","₹39,999","₹62,000",4.5,"1,673 Ratings & 200 Reviews",35% off,"1,673", 200 Reviews
251,"Apple iPhone SE (Red, 256 GB) (Includes EarPods, Power Adapter)","₹43,990","₹54,900",4.5,"1,53,514 Ratings & 12,048 Reviews",19% off,"1,53,514"," 12,048 Reviews"
252,"APPLE iPhone 14 Pro (Space Black, 1 TB)","₹1,79,900",Same Price,4.8,341 Ratings & 29 Reviews,No offer this product,341, 29 Reviews
253,"APPLE iPhone 13 Pro Max (Alpine Green, 128 GB)","₹1,29,900",Same Price,4.6,"1,720 Ratings & 168 Reviews",No offer this product,"1,720", 168 Reviews
254,"Apple iPhone SE (White, 256 GB) (Includes EarPods, Power Adapter)","₹43,990","₹54,900",4.5,"1,53,514 Ratings & 12,048 Reviews",19% off,"1,53,514"," 12,048 Reviews"
255,"APPLE iPhone 11 Pro Max (Silver, 64 GB)","₹99,990","₹1,17,100",4.7,"1,093 Ratings & 99 Reviews",14% off,"1,093", 99 Reviews
256,"APPLE iPhone 6 Plus (Silver, 128 GB)","₹48,999","₹80,500",4.5,"1,673 Ratings & 200 Reviews",39% off,"1,673", 200 Reviews
257,"APPLE iPhone 12 Pro Max (Gold, 512 GB)","₹1,19,990","₹1,49,900",4.6,"1,253 Ratings & 101 Reviews",19% off,"1,253", 101 Reviews
258,"Apple iPhone SE (Black, 64 GB) (Includes EarPods, Power Adapter)","₹29,990","₹39,900",4.5,"1,53,514 Ratings & 12,048 Reviews",24% off,"1,53,514"," 12,048 Reviews"
259,"Apple iPhone SE (Red, 64 GB) (Includes EarPods, Power Adapter)","₹29,990","₹39,900",4.5,"1,53,514 Ratings & 12,048 Reviews",24% off,"1,53,514"," 12,048 Reviews"
260,"APPLE iPhone 14 Pro Max (Gold, 512 GB)","₹1,69,900",Same Price,4.7,283 Ratings & 26 Reviews,No offer this product,283, 26 Reviews
261,"APPLE iPhone 14 Pro Max (Space Black, 512 GB)","₹1,69,900",Same Price,4.7,283 Ratings & 26 Reviews,No offer this product,283, 26 Reviews
262,"APPLE iPhone 7 Plus (Gold, 32 GB)","₹37,900",Same Price,4.5,"29,792 Ratings & 2,998 Reviews",No offer this product,"29,792"," 2,998 Reviews"
263,"APPLE iPhone 12 Pro Max (Pacific Blue, 128 GB)","₹1,09,990","₹1,19,900",4.6,"1,253 Ratings & 101 Reviews",8% off,"1,253", 101 Reviews
264,"APPLE iPhone 11 Pro Max (Space Grey, 512 GB)","₹1,50,800",Same Price,4.7,"1,093 Ratings & 99 Reviews",No offer this product,"1,093", 99 Reviews
265,"APPLE iPhone 11 Pro Max (Midnight Green, 512 GB)","₹1,50,800",Same Price,4.7,"1,093 Ratings & 99 Reviews",No offer this product,"1,093", 99 Reviews
266,"APPLE iPhone 7 (Red, 128 GB)","₹34,900",Same Price,4.5,"95,048 Ratings & 9,197 Reviews",No offer this product,"95,048"," 9,197 Reviews"
267,"Apple iPhone XR (Black, 256 GB) (Includes EarPods, Power Adapter)","₹91,900",Same Price,4.6,"1,00,548 Ratings & 8,570 Reviews",No offer this product,"1,00,548"," 8,570 Reviews"
268,"APPLE iPhone XR (Coral, 128 GB)","₹44,999","₹52,900",4.6,"1,00,548 Ratings & 8,570 Reviews",14% off,"1,00,548"," 8,570 Reviews"
269,"APPLE iPhone 12 Pro Max (Pacific Blue, 256 GB)","₹1,14,990","₹1,29,900",4.6,"1,253 Ratings & 101 Reviews",11% off,"1,253", 101 Reviews
270,"APPLE iPhone 11 Pro (Gold, 64 GB)","₹79,990","₹1,06,600",4.6,"8,653 Ratings & 630 Reviews",24% off,"8,653", 630 Reviews
271,"APPLE iPhone 5C (Blue, 8 GB)","₹14,999","₹37,500",3.9,"1,326 Ratings & 265 Reviews",60% off,"1,326", 265 Reviews
272,"APPLE iPhone 11 Pro (Space Grey, 512 GB)","₹1,40,300",Same Price,4.6,"8,653 Ratings & 630 Reviews",No offer this product,"8,653", 630 Reviews
273,"APPLE iPhone 11 Pro (Space Grey, 64 GB)","₹1,06,600",Same Price,4.6,"8,653 Ratings & 630 Reviews",No offer this product,"8,653", 630 Reviews
274,"APPLE iPhone XR (Coral, 64 GB)","₹39,999","₹47,900",4.6,"1,00,548 Ratings & 8,570 Reviews",16% off,"1,00,548"," 8,570 Reviews"
275,"APPLE iPhone XR (Blue, 64 GB)","₹39,999","₹47,900",4.6,"1,00,548 Ratings & 8,570 Reviews",16% off,"1,00,548"," 8,570 Reviews"
276,"APPLE iPhone 13 mini (Green, 128 GB)","₹58,990","₹64,900",4.5,"2,909 Ratings & 251 Reviews",9% off,"2,909", 251 Reviews
277,"APPLE iPhone 5C (White, 32 GB)","₹53,500",Same Price,3.9,"1,326 Ratings & 265 Reviews",No offer this product,"1,326", 265 Reviews
278,"APPLE iPhone 11 Pro Max (Silver, 512 GB)","₹1,50,800",Same Price,4.7,"1,093 Ratings & 99 Reviews",No offer this product,"1,093", 99 Reviews
279,"APPLE iPhone 6s Plus (Space Grey, 64 GB)","₹59,999","₹82,000",4.4,"18,838 Ratings & 2,381 Reviews",26% off,"18,838"," 2,381 Reviews"
280,"APPLE iPhone 13 Mini (Pink, 256 GB)","₹68,990","₹74,900",4.5,"2,909 Ratings & 251 Reviews",7% off,"2,909", 251 Reviews
281,"APPLE iPhone 7 (PRODUCT) (Red, 256 GB)","₹74,400",Same Price,4.7,29 Ratings & 1 Reviews,No offer this product,29, 1 Reviews
282,"APPLE iPhone 8 (PRODUCT)RED (Red, 256 GB)","₹81,500",Same Price,4.7,113 Ratings & 10 Reviews,No offer this product,113, 10 Reviews
283,"APPLE iPhone SE (3rd Gen) (Midnight, 256 GB)","₹52,990","₹64,900",4.3,577 Ratings & 77 Reviews,18% off,577, 77 Reviews
284,"APPLE iPhone 6s (Rose Gold, 16 GB)","₹31,999","₹62,000",4.5,"93,041 Ratings & 9,245 Reviews",48% off,"93,041"," 9,245 Reviews"
285,"APPLE iPhone 6s Plus (Rose Gold, 64 GB)","₹59,999","₹82,000",4.4,"18,838 Ratings & 2,381 Reviews",26% off,"18,838"," 2,381 Reviews"
286,"APPLE iPhone X (Silver, 256 GB)","₹1,06,900",Same Price,4.6,"10,968 Ratings & 870 Reviews",No offer this product,"10,968", 870 Reviews
287,"Apple iPhone XR (Yellow, 64 GB) (Includes EarPods, Power Adapter)","₹39,999","₹47,900",4.6,"1,00,548 Ratings & 8,570 Reviews",16% off,"1,00,548"," 8,570 Reviews"
288,"APPLE iPhone 6s Plus (Rose Gold, 64 GB)","₹59,999","₹82,000",4.4,"18,838 Ratings & 2,381 Reviews",26% off,"18,838"," 2,381 Reviews"
289,"APPLE iPhone X (Silver, 256 GB)","₹1,06,900",Same Price,4.6,"10,968 Ratings & 870 Reviews",No offer this product,"10,968", 870 Reviews
290,"Apple iPhone XR (Yellow, 64 GB) (Includes EarPods, Power Adapter)","₹39,999","₹47,900",4.6,"1,00,548 Ratings & 8,570 Reviews",16% off,"1,00,548"," 8,570 Reviews"
291,"APPLE iPhone 6s Plus (Silver, 16 GB)","₹49,999","₹72,000",4.4,"18,838 Ratings & 2,381 Reviews",30% off,"18,838"," 2,381 Reviews"
292,"APPLE iPhone 7 (Silver, 128 GB)","₹34,900",Same Price,4.5,"95,048 Ratings & 9,197 Reviews",No offer this product,"95,048"," 9,197 Reviews"
293,"APPLE iPhone SE (3rd Gen) (Product (Red), 256 GB)","₹52,990","₹64,900",4.3,577 Ratings & 77 Reviews,18% off,577, 77 Reviews
294,"APPLE iPhone 11 Pro (Gold, 512 GB)","₹1,40,300",Same Price,4.6,"8,653 Ratings & 630 Reviews",No offer this product,"8,653", 630 Reviews
295,"Apple iPhone XR (Yellow, 128 GB) (Includes EarPods, Power Adapter)","₹44,999","₹52,900",4.6,"1,00,548 Ratings & 8,570 Reviews",14% off,"1,00,548"," 8,570 Reviews"
296,"APPLE iPhone X (Silver, 64 GB)","₹91,900",Same Price,4.6,"10,968 Ratings & 870 Reviews",No offer this product,"10,968", 870 Reviews
297,"Apple iPhone XR (Coral, 128 GB) (Includes EarPods, Power Adapter)","₹44,999","₹52,900",4.6,"1,00,548 Ratings & 8,570 Reviews",14% off,"1,00,548"," 8,570 Reviews"
298,"Apple iPhone XR (Blue, 128 GB) (Includes EarPods, Power Adapter)","₹44,999","₹52,900",4.6,"1,00,548 Ratings & 8,570 Reviews",14% off,"1,00,548"," 8,570 Reviews"
299,"APPLE iPhone 6s (Silver, 16 GB)","₹41,999","₹62,000",4.5,"93,041 Ratings & 9,245 Reviews",32% off,"93,041"," 9,245 Reviews"
300,"APPLE iPhone 7 (Jet Black, 128 GB)","₹34,900",Same Price,4.5,"95,048 Ratings & 9,197 Reviews",No offer this product,"95,048"," 9,197 Reviews"
301,"APPLE iPhone XR (Blue, 128 GB)","₹44,999","₹52,900",4.6,"1,00,548 Ratings & 8,570 Reviews",14% off,"1,00,548"," 8,570 Reviews"
302,"APPLE iPhone 8 Plus (PRODUCT)RED (Red, 64 GB)","₹49,900","₹76,294",4.6,267 Ratings & 23 Reviews,34% off,267, 23 Reviews
303,"APPLE iPhone XS Max (Gold, 64 GB)","₹1,09,900",Same Price,4.6,"1,453 Ratings & 147 Reviews",No offer this product,"1,453", 147 Reviews
304,"Apple iPhone SE (Black, 128 GB) (Includes EarPods, Power Adapter)","₹34,990","₹44,900",4.5,"1,53,514 Ratings & 12,048 Reviews",22% off,"1,53,514"," 12,048 Reviews"
305,"APPLE iPhone 5s (Gold, 16 GB)","₹14,999","₹35,000",4.4,"62,715 Ratings & 7,361 Reviews",57% off,"62,715"," 7,361 Reviews"
306,"APPLE iPhone 7 (Gold, 128 GB)","₹34,900",Same Price,4.5,"95,048 Ratings & 9,197 Reviews",No offer this product,"95,048"," 9,197 Reviews"
307,"APPLE iPhone 11 Pro Max (Gold, 256 GB)","₹1,31,900",Same Price,4.7,"1,093 Ratings & 99 Reviews",No offer this product,"1,093", 99 Reviews
308,"APPLE iPhone 13 Pro Max (Silver, 128 GB)","₹1,29,900",Same Price,4.6,"1,720 Ratings & 168 Reviews",No offer this product,"1,720", 168 Reviews
309,"APPLE iPhone 13 Pro Max (Silver, 256 GB)","₹1,39,900",Same Price,4.6,"1,720 Ratings & 168 Reviews",No offer this product,"1,720", 168 Reviews
310,"APPLE iPhone 6s Plus (Gold, 32 GB)","₹34,900",Same Price,4.4,"18,838 Ratings & 2,381 Reviews",No offer this product,"18,838"," 2,381 Reviews"
311,"APPLE iPhone XR (Yellow, 128 GB)","₹44,999","₹52,900",4.6,"1,00,548 Ratings & 8,570 Reviews",14% off,"1,00,548"," 8,570 Reviews"
312,"APPLE iPhone 6 (Silver, 16 GB)","₹36,990","₹52,000",4.4,"1,45,545 Ratings & 16,265 Reviews",28% off,"1,45,545"," 16,265 Reviews"
313,"APPLE iPhone 7 Plus (PRODUCT) (Red, 256 GB)","₹85,400",Same Price,5,3 Ratings & 3 Reviews,No offer this product,3, 3 Reviews
314,"APPLE iPhone 6s (Silver, 64 GB)","₹49,999","₹72,000",4.5,"93,041 Ratings & 9,245 Reviews",30% off,"93,041"," 9,245 Reviews"
315,"APPLE iPhone XS (Gold, 256 GB)","₹1,03,900",Same Price,4.7,"11,963 Ratings & 871 Reviews",No offer this product,"11,963", 871 Reviews
316,"APPLE iPhone XS (Silver, 256 GB)","₹1,03,900",Same Price,4.7,"11,963 Ratings & 871 Reviews",No offer this product,"11,963", 871 Reviews
317,"APPLE iPhone 6 Plus (Space Grey, 64 GB)","₹48,999","₹71,500",4.5,"1,673 Ratings & 200 Reviews",31% off,"1,673", 200 Reviews
318,"APPLE iPhone 6 (Gold, 64 GB)","₹62,500",Same Price,4.4,"1,45,545 Ratings & 16,265 Reviews",No offer this product,"1,45,545"," 16,265 Reviews"
319,"APPLE iPhone 7 Plus (Rose Gold, 128 GB)","₹42,900",Same Price,4.5,"29,792 Ratings & 2,998 Reviews",No offer this product,"29,792"," 2,998 Reviews"
320,"APPLE iPhone 7 Plus (Jet Black, 32 GB)","₹37,900",Same Price,4.5,"29,792 Ratings & 2,998 Reviews",No offer this product,"29,792"," 2,998 Reviews"
321,"Apple iPhone SE (Black, 256 GB) (Includes EarPods, Power Adapter)","₹43,990","₹54,900",4.5,"1,53,514 Ratings & 12,048 Reviews",19% off,"1,53,514"," 12,048 Reviews"
322,"APPLE iPhone 8 Plus (PRODUCT)RED (Red, 256 GB)","₹84,900",Same Price,4.6,267 Ratings & 23 Reviews,No offer this product,267, 23 Reviews
323,"APPLE iPhone 8 Plus (Gold, 256 GB)","₹84,900",Same Price,4.6,"3,439 Ratings & 354 Reviews",No offer this product,"3,439", 354 Reviews
324,"APPLE iPhone 7 Plus (Silver, 128 GB)","₹42,900",Same Price,4.5,"29,792 Ratings & 2,998 Reviews",No offer this product,"29,792"," 2,998 Reviews"
325,"Apple iPhone XR (Yellow, 256 GB) (Includes EarPods, Power Adapter)","₹91,900",Same Price,4.6,"1,00,548 Ratings & 8,570 Reviews",No offer this product,"1,00,548"," 8,570 Reviews"
326,"APPLE iPhone 14 Pro (Gold, 1 TB)","₹1,79,900",Same Price,4.8,341 Ratings & 29 Reviews,No offer this product,341, 29 Reviews
327,"APPLE iPhone 7 (Rose Gold, 128 GB)","₹34,900",Same Price,4.5,"95,048 Ratings & 9,197 Reviews",No offer this product,"95,048"," 9,197 Reviews"
328,"APPLE iPhone X (Space Gray, 64 GB)","₹91,900",Same Price,4.6,"10,968 Ratings & 870 Reviews",No offer this product,"10,968", 870 Reviews
329,"APPLE iPhone 7 Plus (Jet Black, 128 GB)","₹42,900",Same Price,4.5,"29,792 Ratings & 2,998 Reviews",No offer this product,"29,792"," 2,998 Reviews"
330,"APPLE iPhone XS (Silver, 512 GB)","₹1,34,900",Same Price,4.7,"11,963 Ratings & 871 Reviews",No offer this product,"11,963", 871 Reviews
331,"APPLE iPhone 8 (Space Grey, 64 GB)","₹39,900",Same Price,4.5,"11,358 Ratings & 803 Reviews",No offer this product,"11,358", 803 Reviews
332,"APPLE iPhone 5C (Pink, 8 GB)","₹37,500",Same Price,3.9,"1,326 Ratings & 265 Reviews",No offer this product,"1,326", 265 Reviews
333,"APPLE iPhone 7 Plus (Silver, 32 GB)","₹37,900",Same Price,4.5,"29,792 Ratings & 2,998 Reviews",No offer this product,"29,792"," 2,998 Reviews"
334,"Apple iPhone SE (White, 128 GB) (Includes EarPods, Power Adapter)","₹34,990","₹44,900",4.5,"1,53,514 Ratings & 12,048 Reviews",22% off,"1,53,514"," 12,048 Reviews"
335,"APPLE iPhone 6 Plus (Silver, 16 GB)","₹40,999","₹62,000",4.5,"1,673 Ratings & 200 Reviews",33% off,"1,673", 200 Reviews
336,"APPLE iPhone 6 Plus (Silver, 64 GB)","₹48,999","₹71,500",4.5,"1,673 Ratings & 200 Reviews",31% off,"1,673", 200 Reviews
337,"APPLE iPhone XS Max (Silver, 256 GB)","₹1,24,900",Same Price,4.6,"1,453 Ratings & 147 Reviews",No offer this product,"1,453", 147 Reviews
338,"APPLE iPhone 12 Pro Max (Silver, 512 GB)","₹1,19,990","₹1,49,900",4.6,"1,253 Ratings & 101 Reviews",19% off,"1,253", 101 Reviews
339,"APPLE iPhone 7 (Gold, 256 GB)","₹74,400",Same Price,4.5,"95,048 Ratings & 9,197 Reviews",No offer this product,"95,048"," 9,197 Reviews"
340,"APPLE iPhone 7 Plus (Black, 128 GB)","₹42,900",Same Price,4.5,"29,792 Ratings & 2,998 Reviews",No offer this product,"29,792"," 2,998 Reviews"
341,"APPLE iPhone 7 Plus (Gold, 128 GB)","₹42,900",Same Price,4.5,"29,792 Ratings & 2,998 Reviews",No offer this product,"29,792"," 2,998 Reviews"
342,"APPLE iPhone 5C (Yellow, 8 GB)","₹37,500",Same Price,3.9,"1,326 Ratings & 265 Reviews",No offer this product,"1,326", 265 Reviews
343,"APPLE iPhone 13 Mini (Starlight, 256 GB)","₹68,990","₹74,900",4.5,"2,909 Ratings & 251 Reviews",7% off,"2,909", 251 Reviews
344,"APPLE iPhone 5s (Space Grey, 16 GB)","₹25,000",Same Price,4.4,"62,715 Ratings & 7,361 Reviews",No offer this product,"62,715"," 7,361 Reviews"
345,"APPLE iPhone XS (Gold, 64 GB)","₹89,900",Same Price,4.7,"11,963 Ratings & 871 Reviews",No offer this product,"11,963", 871 Reviews
346,"APPLE iPhone 11 Pro (Silver, 64 GB)","₹1,06,600",Same Price,4.6,"8,653 Ratings & 630 Reviews",No offer this product,"8,653", 630 Reviews
347,"APPLE iPhone 7 (Jet Black, 32 GB)","₹24,999","₹31,500",4.5,"95,048 Ratings & 9,197 Reviews",20% off,"95,048"," 9,197 Reviews"
348,"APPLE iPhone XS Max (Silver, 512 GB)","₹1,44,900",Same Price,4.6,"1,453 Ratings & 147 Reviews",No offer this product,"1,453", 147 Reviews
349,"APPLE iPhone 5s (Silver, 16 GB)","₹25,000",Same Price,4.4,"62,715 Ratings & 7,361 Reviews",No offer this product,"62,715"," 7,361 Reviews"
350,"APPLE iPhone 6s (Space Grey, 128 GB)","₹82,000",Same Price,4.5,"93,041 Ratings & 9,245 Reviews",No offer this product,"93,041"," 9,245 Reviews"
351,"APPLE iPhone 7 Plus (Red, 128 GB)","₹42,900",Same Price,4.5,"29,792 Ratings & 2,998 Reviews",No offer this product,"29,792"," 2,998 Reviews"
352,"APPLE iPhone 11 Pro Max (Midnight Green, 256 GB)","₹1,31,900",Same Price,4.7,"1,093 Ratings & 99 Reviews",No offer this product,"1,093", 99 Reviews
353,"APPLE iPhone 13 Pro (Sierra Blue, 256 GB)","₹1,29,900",Same Price,4.6,"1,286 Ratings & 110 Reviews",No offer this product,"1,286", 110 Reviews
354,"APPLE iPhone XS (Silver, 64 GB)","₹89,900",Same Price,4.7,"11,963 Ratings & 871 Reviews",No offer this product,"11,963", 871 Reviews
355,"APPLE iPhone 6s Plus (Space Grey, 16 GB)","₹72,000",Same Price,4.4,"18,838 Ratings & 2,381 Reviews",No offer this product,"18,838"," 2,381 Reviews"
356,"APPLE iPhone 7 (Jet Black, 256 GB)","₹74,400",Same Price,4.5,"95,048 Ratings & 9,197 Reviews",No offer this product,"95,048"," 9,197 Reviews"
357,"APPLE iPhone 7 (Black, 128 GB)","₹34,900",Same Price,4.5,"95,048 Ratings & 9,197 Reviews",No offer this product,"95,048"," 9,197 Reviews"
358,"APPLE iPhone 11 Pro (Gold, 256 GB)","₹1,21,300",Same Price,4.6,"8,653 Ratings & 630 Reviews",No offer this product,"8,653", 630 Reviews
359,"Apple iPhone XR (White, 64 GB) (Includes EarPods, Power Adapter)","₹39,999","₹47,900",4.6,"1,00,548 Ratings & 8,570 Reviews",16% off,"1,00,548"," 8,570 Reviews"
